Name,Protein change,AA_position,RSA
NM_004646.4(NPHS1):c.7C>A (p.Leu3Met),L3M,3,0.906
NM_004646.4(NPHS1):c.17C>T (p.Thr6Met),T6M,6,0.681
NM_004646.4(NPHS1):c.74C>T (p.Ala25Val),A25V,25,0.826
NM_004646.4(NPHS1):c.94C>T (p.Arg32Trp),R32W,32,0.147
NM_004646.4(NPHS1):c.155G>A (p.Arg52His),R52H,52,0.577
NM_004646.4(NPHS1):c.182C>T (p.Ala61Val),A61V,61,0.537
NM_004646.4(NPHS1):c.349G>A (p.Glu117Lys),E117K,117,0.963
NM_004646.4(NPHS1):c.358C>A (p.Pro120Thr),P120T,120,0.597
NM_004646.4(NPHS1):c.476A>G (p.Asn159Ser),N159S,159,0.182
NM_004646.4(NPHS1):c.565G>A (p.Glu189Lys),E189K,189,0.832
NM_004646.4(NPHS1):c.700G>A (p.Val234Met),V234M,234,0.0
NM_004646.4(NPHS1):c.762C>A (p.His254Gln),H254Q,254,0.505
NM_004646.4(NPHS1):c.791C>G (p.Pro264Arg),P264R,264,0.091
NM_004646.4(NPHS1):c.851C>T (p.Pro284Leu),P284L,284,0.513
NM_004646.4(NPHS1):c.881C>T (p.Thr294Ile),T294I,294,0.436
NM_004646.4(NPHS1):c.1167G>A (p.Met389Ile),M389I,389,0.463
NM_004646.4(NPHS1):c.1175T>C (p.Leu392Pro),L392P,392,0.644
NM_004646.4(NPHS1):c.1223G>A (p.Arg408Gln),R408Q,408,0.426
NM_004646.4(NPHS1):c.1274C>T (p.Thr425Ile),T425I,425,0.583
NM_004646.4(NPHS1):c.1641C>A (p.Asn547Lys),N547K,547,0.337
NM_004646.4(NPHS1):c.1731C>A (p.Asn577Lys),N577K,577,0.663
NM_004646.4(NPHS1):c.1763A>G (p.Glu588Gly),E588G,588,0.879
NM_004646.4(NPHS1):c.1987G>A (p.Glu663Lys),E663K,663,0.612
NM_004646.4(NPHS1):c.2113C>T (p.His705Tyr),H705Y,705,0.204
NM_004646.4(NPHS1):c.2134G>T (p.Ala712Ser),A712S,712,0.281
NM_004646.4(NPHS1):c.2228G>A (p.Arg743His),R743H,743,0.6
NM_004646.4(NPHS1):c.2309C>T (p.Pro770Leu),P770L,770,0.831
NM_004646.4(NPHS1):c.2492G>A (p.Arg831His),R831H,831,0.264
NM_004646.4(NPHS1):c.2971G>C (p.Val991Leu),V991L,991,0.648
NM_004646.4(NPHS1):c.3047G>A (p.Ser1016Asn),S1016N,1016,0.028
NM_004646.4(NPHS1):c.3202G>A (p.Ala1068Thr),A1068T,1068,0.562
NM_004646.4(NPHS1):c.3230A>G (p.Asn1077Ser),N1077S,1077,0.561
NM_004646.4(NPHS1):c.3250G>T (p.Val1084Phe),V1084F,1084,0.491
NM_004646.4(NPHS1):c.3364G>A (p.Glu1122Lys),E1122K,1122,0.766
NM_004646.4(NPHS1):c.3367C>G (p.Arg1123Gly),R1123G,1123,0.758
NM_004646.4(NPHS1):c.3368G>A (p.Arg1123Gln),R1123Q,1123,0.758
NM_004646.4(NPHS1):c.3418C>A (p.Arg1140Ser),R1140S,1140,0.811
NM_004646.4(NPHS1):c.3591G>C (p.Gln1197His),Q1197H,1197,0.836
NM_004646.4(NPHS1):c.3611A>G (p.His1204Arg),H1204R,1204,0.843
NM_004646.4(NPHS1):c.3631C>G (p.Gln1211Glu),Q1211E,1211,0.734
NM_004646.4(NPHS1):c.3703G>A (p.Glu1235Lys),E1235K,1235,0.645
